"filename", "language", "TypeScript", "JSON", "XML", "JSON with Comments", "Markdown", "JavaScript", "MS SQL", "TypeScript JSX", "CSS", "comment", "blank", "total"
"d:\IT - 3rd year\IT 4\Studio project\Studio project\art-photo\README.md", "Markdown", 0, 0, 0, 0, 23, 0, 0, 0, 0, 0, 14, 37
"d:\IT - 3rd year\IT 4\Studio project\Studio project\art-photo\change_log.md", "Markdown", 0, 0, 0, 0, 621, 0, 0, 0, 0, 0, 192, 813
"d:\IT - 3rd year\IT 4\Studio project\Studio project\art-photo\components.json", "JSON", 0, 25, 0, 0, 0, 0, 0, 0, 0, 0, 1, 26
"d:\IT - 3rd year\IT 4\Studio project\Studio project\art-photo\docs\SEED_DATA_CREDENTIALS.md", "Markdown", 0, 0, 0, 0, 287, 0, 0, 0, 0, 0, 72, 359
"d:\IT - 3rd year\IT 4\Studio project\Studio project\art-photo\docs\debug_signup_error.md", "Markdown", 0, 0, 0, 0, 232, 0, 0, 0, 0, 0, 92, 324
"d:\IT - 3rd year\IT 4\Studio project\Studio project\art-photo\docs\sprints\After_Dev_Sprint_1_Review.md", "Markdown", 0, 0, 0, 0, 44, 0, 0, 0, 0, 0, 10, 54
"d:\IT - 3rd year\IT 4\Studio project\Studio project\art-photo\docs\sprints\After_Dev_Sprint_2_Review.md", "Markdown", 0, 0, 0, 0, 38, 0, 0, 0, 0, 0, 9, 47
"d:\IT - 3rd year\IT 4\Studio project\Studio project\art-photo\docs\sprints\After_Dev_Sprint_3_Review.md", "Markdown", 0, 0, 0, 0, 49, 0, 0, 0, 0, 0, 11, 60
"d:\IT - 3rd year\IT 4\Studio project\Studio project\art-photo\docs\sprints\After_Dev_Sprint_4_Review.md", "Markdown", 0, 0, 0, 0, 53, 0, 0, 0, 0, 0, 17, 70
"d:\IT - 3rd year\IT 4\Studio project\Studio project\art-photo\docs\sprints\After_Dev_Sprint_5_Review.md", "Markdown", 0, 0, 0, 0, 148, 0, 0, 0, 0, 0, 38, 186
"d:\IT - 3rd year\IT 4\Studio project\Studio project\art-photo\docs\sprints\Sprint_1_Review.md", "Markdown", 0, 0, 0, 0, 80, 0, 0, 0, 0, 0, 29, 109
"d:\IT - 3rd year\IT 4\Studio project\Studio project\art-photo\docs\sprints\Sprint_2_Review.md", "Markdown", 0, 0, 0, 0, 57, 0, 0, 0, 0, 0, 25, 82
"d:\IT - 3rd year\IT 4\Studio project\Studio project\art-photo\docs\sprints\Sprint_3_Review.md", "Markdown", 0, 0, 0, 0, 29, 0, 0, 0, 0, 0, 14, 43
"d:\IT - 3rd year\IT 4\Studio project\Studio project\art-photo\docs\sprints\Sprint_4_Review.md", "Markdown", 0, 0, 0, 0, 39, 0, 0, 0, 0, 0, 18, 57
"d:\IT - 3rd year\IT 4\Studio project\Studio project\art-photo\docs\sprints\Sprint_5_Review.md", "Markdown", 0, 0, 0, 0, 71, 0, 0, 0, 0, 0, 28, 99
"d:\IT - 3rd year\IT 4\Studio project\Studio project\art-photo\docs\sprints\Sprint_S2_1_Review.md", "Markdown", 0, 0, 0, 0, 26, 0, 0, 0, 0, 0, 9, 35
"d:\IT - 3rd year\IT 4\Studio project\Studio project\art-photo\docs\sprints\Sprint_S2_2_Review.md", "Markdown", 0, 0, 0, 0, 21, 0, 0, 0, 0, 0, 8, 29
"d:\IT - 3rd year\IT 4\Studio project\Studio project\art-photo\docs\sprints\Sprint_S2_3_Review.md", "Markdown", 0, 0, 0, 0, 25, 0, 0, 0, 0, 0, 8, 33
"d:\IT - 3rd year\IT 4\Studio project\Studio project\art-photo\docs\sprints\Sprint_S2_4_Review.md", "Markdown", 0, 0, 0, 0, 25, 0, 0, 0, 0, 0, 8, 33
"d:\IT - 3rd year\IT 4\Studio project\Studio project\art-photo\docs\sprints\Sprint_S2_5_Review.md", "Markdown", 0, 0, 0, 0, 54, 0, 0, 0, 0, 0, 13, 67
"d:\IT - 3rd year\IT 4\Studio project\Studio project\art-photo\docs\sprints\Sprint_S3_1_Review.md", "Markdown", 0, 0, 0, 0, 26, 0, 0, 0, 0, 0, 9, 35
"d:\IT - 3rd year\IT 4\Studio project\Studio project\art-photo\docs\sprints\Sprint_S3_2_Review.md", "Markdown", 0, 0, 0, 0, 24, 0, 0, 0, 0, 0, 9, 33
"d:\IT - 3rd year\IT 4\Studio project\Studio project\art-photo\docs\sprints\Sprint_S3_3_Review.md", "Markdown", 0, 0, 0, 0, 26, 0, 0, 0, 0, 0, 9, 35
"d:\IT - 3rd year\IT 4\Studio project\Studio project\art-photo\docs\sprints\Sprint_S3_4_Review.md", "Markdown", 0, 0, 0, 0, 28, 0, 0, 0, 0, 0, 10, 38
"d:\IT - 3rd year\IT 4\Studio project\Studio project\art-photo\docs\sprints\Sprint_S3_5_Review.md", "Markdown", 0, 0, 0, 0, 57, 0, 0, 0, 0, 0, 16, 73
"d:\IT - 3rd year\IT 4\Studio project\Studio project\art-photo\docs\sprints\Sprint_S4_1_Review.md", "Markdown", 0, 0, 0, 0, 28, 0, 0, 0, 0, 0, 11, 39
"d:\IT - 3rd year\IT 4\Studio project\Studio project\art-photo\docs\sprints\Sprint_S4_2_Review.md", "Markdown", 0, 0, 0, 0, 26, 0, 0, 0, 0, 0, 11, 37
"d:\IT - 3rd year\IT 4\Studio project\Studio project\art-photo\docs\sprints\Sprint_S4_3_Review.md", "Markdown", 0, 0, 0, 0, 27, 0, 0, 0, 0, 0, 9, 36
"d:\IT - 3rd year\IT 4\Studio project\Studio project\art-photo\docs\sprints\Sprint_S4_4_Review.md", "Markdown", 0, 0, 0, 0, 25, 0, 0, 0, 0, 0, 10, 35
"d:\IT - 3rd year\IT 4\Studio project\Studio project\art-photo\docs\sprints\Sprint_S4_5_Review.md", "Markdown", 0, 0, 0, 0, 59, 0, 0, 0, 0, 0, 20, 79
"d:\IT - 3rd year\IT 4\Studio project\Studio project\art-photo\eslint.config.mjs", "JavaScript", 0, 0, 0, 0, 0, 14, 0, 0, 0, 2, 3, 19
"d:\IT - 3rd year\IT 4\Studio project\Studio project\art-photo\next.config.ts", "TypeScript", 4, 0, 0, 0, 0, 0, 0, 0, 0, 1, 3, 8
"d:\IT - 3rd year\IT 4\Studio project\Studio project\art-photo\package-lock.json", "JSON", 0, 11594, 0, 0, 0, 0, 0, 0, 0, 0, 1, 11595
"d:\IT - 3rd year\IT 4\Studio project\Studio project\art-photo\package.json", "JSON", 0, 49, 0, 0, 0, 0, 0, 0, 0, 0, 1, 50
"d:\IT - 3rd year\IT 4\Studio project\Studio project\art-photo\postcss.config.mjs", "JavaScript", 0, 0, 0, 0, 0, 6, 0, 0, 0, 0, 2, 8
"d:\IT - 3rd year\IT 4\Studio project\Studio project\art-photo\public\file.svg", "XML", 0, 0, 1, 0, 0, 0, 0, 0, 0, 0, 0, 1
"d:\IT - 3rd year\IT 4\Studio project\Studio project\art-photo\public\globe.svg", "XML", 0, 0, 1, 0, 0, 0, 0, 0, 0, 0, 0, 1
"d:\IT - 3rd year\IT 4\Studio project\Studio project\art-photo\public\next.svg", "XML", 0, 0, 1, 0, 0, 0, 0, 0, 0, 0, 0, 1
"d:\IT - 3rd year\IT 4\Studio project\Studio project\art-photo\public\vercel.svg", "XML", 0, 0, 1, 0, 0, 0, 0, 0, 0, 0, 0, 1
"d:\IT - 3rd year\IT 4\Studio project\Studio project\art-photo\public\window.svg", "XML", 0, 0, 1, 0, 0, 0, 0, 0, 0, 0, 0, 1
"d:\IT - 3rd year\IT 4\Studio project\Studio project\art-photo\scripts\refresh-permissions.mjs", "JavaScript", 0, 0, 0, 0, 0, 32, 0, 0, 0, 0, 12, 44
"d:\IT - 3rd year\IT 4\Studio project\Studio project\art-photo\scripts\reset-passwords.mjs", "JavaScript", 0, 0, 0, 0, 0, 48, 0, 0, 0, 0, 14, 62
"d:\IT - 3rd year\IT 4\Studio project\Studio project\art-photo\scripts\test-system.mjs", "JavaScript", 0, 0, 0, 0, 0, 217, 0, 0, 0, 0, 52, 269
"d:\IT - 3rd year\IT 4\Studio project\Studio project\art-photo\src\actions\admin-bookings.ts", "TypeScript", 33, 0, 0, 0, 0, 0, 0, 0, 0, 0, 13, 46
"d:\IT - 3rd year\IT 4\Studio project\Studio project\art-photo\src\actions\admin-invitations.ts", "TypeScript", 86, 0, 0, 0, 0, 0, 0, 0, 0, 0, 20, 106
"d:\IT - 3rd year\IT 4\Studio project\Studio project\art-photo\src\actions\admin-packages.ts", "TypeScript", 107, 0, 0, 0, 0, 0, 0, 0, 0, 0, 30, 137
"d:\IT - 3rd year\IT 4\Studio project\Studio project\art-photo\src\actions\admin-products.ts", "TypeScript", 133, 0, 0, 0, 0, 0, 0, 0, 0, 0, 41, 174
"d:\IT - 3rd year\IT 4\Studio project\Studio project\art-photo\src\actions\admin-reports.ts", "TypeScript", 57, 0, 0, 0, 0, 0, 0, 0, 0, 0, 17, 74
"d:\IT - 3rd year\IT 4\Studio project\Studio project\art-photo\src\actions\admin-roles.ts", "TypeScript", 97, 0, 0, 0, 0, 0, 0, 0, 0, 0, 30, 127
"d:\IT - 3rd year\IT 4\Studio project\Studio project\art-photo\src\actions\admin-services.ts", "TypeScript", 109, 0, 0, 0, 0, 0, 0, 0, 0, 0, 36, 145
"d:\IT - 3rd year\IT 4\Studio project\Studio project\art-photo\src\actions\admin-settings.ts", "TypeScript", 52, 0, 0, 0, 0, 0, 0, 0, 0, 0, 17, 69
"d:\IT - 3rd year\IT 4\Studio project\Studio project\art-photo\src\actions\admin-specialties.ts", "TypeScript", 58, 0, 0, 0, 0, 0, 0, 0, 0, 0, 20, 78
"d:\IT - 3rd year\IT 4\Studio project\Studio project\art-photo\src\actions\admin-tickets.ts", "TypeScript", 75, 0, 0, 0, 0, 0, 0, 0, 0, 0, 25, 100
"d:\IT - 3rd year\IT 4\Studio project\Studio project\art-photo\src\actions\admin-users.ts", "TypeScript", 114, 0, 0, 0, 0, 0, 0, 0, 0, 0, 34, 148
"d:\IT - 3rd year\IT 4\Studio project\Studio project\art-photo\src\actions\ai-recommendations.ts", "TypeScript", 18, 0, 0, 0, 0, 0, 0, 0, 0, 0, 7, 25
"d:\IT - 3rd year\IT 4\Studio project\Studio project\art-photo\src\actions\ai-style-assistant.ts", "TypeScript", 37, 0, 0, 0, 0, 0, 0, 0, 0, 0, 10, 47
"d:\IT - 3rd year\IT 4\Studio project\Studio project\art-photo\src\actions\albums.ts", "TypeScript", 133, 0, 0, 0, 0, 0, 0, 0, 0, 0, 40, 173
"d:\IT - 3rd year\IT 4\Studio project\Studio project\art-photo\src\actions\auth.ts", "TypeScript", 143, 0, 0, 0, 0, 0, 0, 0, 0, 0, 32, 175
"d:\IT - 3rd year\IT 4\Studio project\Studio project\art-photo\src\actions\booking.ts", "TypeScript", 98, 0, 0, 0, 0, 0, 0, 0, 0, 0, 20, 118
"d:\IT - 3rd year\IT 4\Studio project\Studio project\art-photo\src\actions\cart.ts", "TypeScript", 90, 0, 0, 0, 0, 0, 0, 0, 0, 0, 17, 107
"d:\IT - 3rd year\IT 4\Studio project\Studio project\art-photo\src\actions\checkout.ts", "TypeScript", 51, 0, 0, 0, 0, 0, 0, 0, 0, 0, 14, 65
"d:\IT - 3rd year\IT 4\Studio project\Studio project\art-photo\src\actions\contact.ts", "TypeScript", 51, 0, 0, 0, 0, 0, 0, 0, 0, 1, 10, 62
"d:\IT - 3rd year\IT 4\Studio project\Studio project\art-photo\src\actions\embeddings.ts", "TypeScript", 166, 0, 0, 0, 0, 0, 0, 0, 0, 0, 34, 200
"d:\IT - 3rd year\IT 4\Studio project\Studio project\art-photo\src\actions\notifications.ts", "TypeScript", 72, 0, 0, 0, 0, 0, 0, 0, 0, 0, 16, 88
"d:\IT - 3rd year\IT 4\Studio project\Studio project\art-photo\src\actions\photographer.ts", "TypeScript", 98, 0, 0, 0, 0, 0, 0, 0, 0, 0, 27, 125
"d:\IT - 3rd year\IT 4\Studio project\Studio project\art-photo\src\actions\profile.ts", "TypeScript", 57, 0, 0, 0, 0, 0, 0, 0, 0, 0, 16, 73
"d:\IT - 3rd year\IT 4\Studio project\Studio project\art-photo\src\actions\reviews.ts", "TypeScript", 83, 0, 0, 0, 0, 0, 0, 0, 0, 0, 21, 104
"d:\IT - 3rd year\IT 4\Studio project\Studio project\art-photo\src\actions\smart-scheduling.ts", "TypeScript", 34, 0, 0, 0, 0, 0, 0, 0, 0, 0, 8, 42
"d:\IT - 3rd year\IT 4\Studio project\Studio project\art-photo\src\app\(public)\about\page.tsx", "TypeScript JSX", 0, 0, 0, 0, 0, 0, 0, 55, 0, 0, 6, 61
"d:\IT - 3rd year\IT 4\Studio project\Studio project\art-photo\src\app\(public)\booking\_components\booking-form.tsx", "TypeScript JSX", 0, 0, 0, 0, 0, 0, 0, 333, 0, 0, 29, 362
"d:\IT - 3rd year\IT 4\Studio project\Studio project\art-photo\src\app\(public)\booking\page.tsx", "TypeScript JSX", 0, 0, 0, 0, 0, 0, 0, 32, 0, 0, 6, 38
"d:\IT - 3rd year\IT 4\Studio project\Studio project\art-photo\src\app\(public)\cart\_components\cart-view.tsx", "TypeScript JSX", 0, 0, 0, 0, 0, 0, 0, 122, 0, 0, 10, 132
"d:\IT - 3rd year\IT 4\Studio project\Studio project\art-photo\src\app\(public)\cart\page.tsx", "TypeScript JSX", 0, 0, 0, 0, 0, 0, 0, 13, 0, 0, 3, 16
"d:\IT - 3rd year\IT 4\Studio project\Studio project\art-photo\src\app\(public)\checkout\_components\checkout-form.tsx", "TypeScript JSX", 0, 0, 0, 0, 0, 0, 0, 205, 0, 0, 17, 222
"d:\IT - 3rd year\IT 4\Studio project\Studio project\art-photo\src\app\(public)\checkout\page.tsx", "TypeScript JSX", 0, 0, 0, 0, 0, 0, 0, 23, 0, 0, 5, 28
"d:\IT - 3rd year\IT 4\Studio project\Studio project\art-photo\src\app\(public)\contact\_components\contact-form.tsx", "TypeScript JSX", 0, 0, 0, 0, 0, 0, 0, 68, 0, 0, 5, 73
"d:\IT - 3rd year\IT 4\Studio project\Studio project\art-photo\src\app\(public)\contact\page.tsx", "TypeScript JSX", 0, 0, 0, 0, 0, 0, 0, 16, 0, 0, 3, 19
"d:\IT - 3rd year\IT 4\Studio project\Studio project\art-photo\src\app\(public)\layout.tsx", "TypeScript JSX", 0, 0, 0, 0, 0, 0, 0, 15, 0, 0, 2, 17
"d:\IT - 3rd year\IT 4\Studio project\Studio project\art-photo\src\app\(public)\page.tsx", "TypeScript JSX", 0, 0, 0, 0, 0, 0, 0, 90, 0, 0, 6, 96
"d:\IT - 3rd year\IT 4\Studio project\Studio project\art-photo\src\app\(public)\photographers\page.tsx", "TypeScript JSX", 0, 0, 0, 0, 0, 0, 0, 77, 0, 0, 10, 87
"d:\IT - 3rd year\IT 4\Studio project\Studio project\art-photo\src\app\(public)\privacy\page.tsx", "TypeScript JSX", 0, 0, 0, 0, 0, 0, 0, 41, 0, 0, 3, 44
"d:\IT - 3rd year\IT 4\Studio project\Studio project\art-photo\src\app\(public)\products\page.tsx", "TypeScript JSX", 0, 0, 0, 0, 0, 0, 0, 122, 0, 0, 12, 134
"d:\IT - 3rd year\IT 4\Studio project\Studio project\art-photo\src\app\(public)\profile\_components\profile-form.tsx", "TypeScript JSX", 0, 0, 0, 0, 0, 0, 0, 135, 0, 0, 8, 143
"d:\IT - 3rd year\IT 4\Studio project\Studio project\art-photo\src\app\(public)\profile\page.tsx", "TypeScript JSX", 0, 0, 0, 0, 0, 0, 0, 18, 0, 0, 5, 23
"d:\IT - 3rd year\IT 4\Studio project\Studio project\art-photo\src\app\(public)\search\_components\search-form.tsx", "TypeScript JSX", 0, 0, 0, 0, 0, 0, 0, 54, 0, 0, 7, 61
"d:\IT - 3rd year\IT 4\Studio project\Studio project\art-photo\src\app\(public)\search\page.tsx", "TypeScript JSX", 0, 0, 0, 0, 0, 0, 0, 93, 0, 0, 13, 106
"d:\IT - 3rd year\IT 4\Studio project\Studio project\art-photo\src\app\(public)\services\page.tsx", "TypeScript JSX", 0, 0, 0, 0, 0, 0, 0, 119, 0, 0, 12, 131
"d:\IT - 3rd year\IT 4\Studio project\Studio project\art-photo\src\app\(public)\style-assistant\_components\style-assistant-form.tsx", "TypeScript JSX", 0, 0, 0, 0, 0, 0, 0, 133, 0, 0, 12, 145
"d:\IT - 3rd year\IT 4\Studio project\Studio project\art-photo\src\app\(public)\style-assistant\page.tsx", "TypeScript JSX", 0, 0, 0, 0, 0, 0, 0, 25, 0, 0, 4, 29
"d:\IT - 3rd year\IT 4\Studio project\Studio project\art-photo\src\app\(public)\support\[id]\_components\client-ticket-view.tsx", "TypeScript JSX", 0, 0, 0, 0, 0, 0, 0, 90, 0, 0, 10, 100
"d:\IT - 3rd year\IT 4\Studio project\Studio project\art-photo\src\app\(public)\support\[id]\page.tsx", "TypeScript JSX", 0, 0, 0, 0, 0, 0, 0, 28, 0, 0, 6, 34
"d:\IT - 3rd year\IT 4\Studio project\Studio project\art-photo\src\app\(public)\support\page.tsx", "TypeScript JSX", 0, 0, 0, 0, 0, 0, 0, 66, 0, 0, 7, 73
"d:\IT - 3rd year\IT 4\Studio project\Studio project\art-photo\src\app\(public)\terms\page.tsx", "TypeScript JSX", 0, 0, 0, 0, 0, 0, 0, 37, 0, 0, 3, 40
"d:\IT - 3rd year\IT 4\Studio project\Studio project\art-photo\src\app\admin\_components\admin-revenue-chart.tsx", "TypeScript JSX", 0, 0, 0, 0, 0, 0, 0, 79, 0, 0, 6, 85
"d:\IT - 3rd year\IT 4\Studio project\Studio project\art-photo\src\app\admin\bookings\_components\bookings-list.tsx", "TypeScript JSX", 0, 0, 0, 0, 0, 0, 0, 185, 0, 0, 12, 197
"d:\IT - 3rd year\IT 4\Studio project\Studio project\art-photo\src\app\admin\bookings\page.tsx", "TypeScript JSX", 0, 0, 0, 0, 0, 0, 0, 15, 0, 0, 4, 19
"d:\IT - 3rd year\IT 4\Studio project\Studio project\art-photo\src\app\admin\embeddings\_components\embeddings-manager.tsx", "TypeScript JSX", 0, 0, 0, 0, 0, 0, 0, 36, 0, 0, 6, 42
"d:\IT - 3rd year\IT 4\Studio project\Studio project\art-photo\src\app\admin\embeddings\page.tsx", "TypeScript JSX", 0, 0, 0, 0, 0, 0, 0, 61, 0, 0, 9, 70
"d:\IT - 3rd year\IT 4\Studio project\Studio project\art-photo\src\app\admin\layout.tsx", "TypeScript JSX", 0, 0, 0, 0, 0, 0, 0, 39, 0, 0, 6, 45
"d:\IT - 3rd year\IT 4\Studio project\Studio project\art-photo\src\app\admin\low-stock\_components\low-stock-list.tsx", "TypeScript JSX", 0, 0, 0, 0, 0, 0, 0, 79, 0, 0, 7, 86
"d:\IT - 3rd year\IT 4\Studio project\Studio project\art-photo\src\app\admin\low-stock\page.tsx", "TypeScript JSX", 0, 0, 0, 0, 0, 0, 0, 29, 0, 0, 6, 35
"d:\IT - 3rd year\IT 4\Studio project\Studio project\art-photo\src\app\admin\packages\_components\create-package-form.tsx", "TypeScript JSX", 0, 0, 0, 0, 0, 0, 0, 79, 0, 0, 6, 85
"d:\IT - 3rd year\IT 4\Studio project\Studio project\art-photo\src\app\admin\packages\_components\packages-list.tsx", "TypeScript JSX", 0, 0, 0, 0, 0, 0, 0, 81, 0, 0, 9, 90
"d:\IT - 3rd year\IT 4\Studio project\Studio project\art-photo\src\app\admin\packages\page.tsx", "TypeScript JSX", 0, 0, 0, 0, 0, 0, 0, 31, 0, 0, 5, 36
"d:\IT - 3rd year\IT 4\Studio project\Studio project\art-photo\src\app\admin\page.tsx", "TypeScript JSX", 0, 0, 0, 0, 0, 0, 0, 281, 0, 0, 18, 299
"d:\IT - 3rd year\IT 4\Studio project\Studio project\art-photo\src\app\admin\products\_components\create-product-category-form.tsx", "TypeScript JSX", 0, 0, 0, 0, 0, 0, 0, 44, 0, 0, 5, 49
"d:\IT - 3rd year\IT 4\Studio project\Studio project\art-photo\src\app\admin\products\_components\create-product-form.tsx", "TypeScript JSX", 0, 0, 0, 0, 0, 0, 0, 80, 0, 0, 5, 85
"d:\IT - 3rd year\IT 4\Studio project\Studio project\art-photo\src\app\admin\products\_components\products-list.tsx", "TypeScript JSX", 0, 0, 0, 0, 0, 0, 0, 122, 0, 0, 8, 130
"d:\IT - 3rd year\IT 4\Studio project\Studio project\art-photo\src\app\admin\products\page.tsx", "TypeScript JSX", 0, 0, 0, 0, 0, 0, 0, 38, 0, 0, 7, 45
"d:\IT - 3rd year\IT 4\Studio project\Studio project\art-photo\src\app\admin\reports\_components\reports-view.tsx", "TypeScript JSX", 0, 0, 0, 0, 0, 0, 0, 198, 0, 0, 23, 221
"d:\IT - 3rd year\IT 4\Studio project\Studio project\art-photo\src\app\admin\reports\page.tsx", "TypeScript JSX", 0, 0, 0, 0, 0, 0, 0, 23, 0, 0, 4, 27
"d:\IT - 3rd year\IT 4\Studio project\Studio project\art-photo\src\app\admin\roles\_components\roles-manager.tsx", "TypeScript JSX", 0, 0, 0, 0, 0, 0, 0, 295, 0, 0, 17, 312
"d:\IT - 3rd year\IT 4\Studio project\Studio project\art-photo\src\app\admin\roles\page.tsx", "TypeScript JSX", 0, 0, 0, 0, 0, 0, 0, 18, 0, 0, 4, 22
"d:\IT - 3rd year\IT 4\Studio project\Studio project\art-photo\src\app\admin\services\_components\create-category-form.tsx", "TypeScript JSX", 0, 0, 0, 0, 0, 0, 0, 44, 0, 0, 5, 49
"d:\IT - 3rd year\IT 4\Studio project\Studio project\art-photo\src\app\admin\services\_components\create-service-form.tsx", "TypeScript JSX", 0, 0, 0, 0, 0, 0, 0, 76, 0, 0, 5, 81
"d:\IT - 3rd year\IT 4\Studio project\Studio project\art-photo\src\app\admin\services\_components\services-list.tsx", "TypeScript JSX", 0, 0, 0, 0, 0, 0, 0, 120, 0, 0, 9, 129
"d:\IT - 3rd year\IT 4\Studio project\Studio project\art-photo\src\app\admin\services\page.tsx", "TypeScript JSX", 0, 0, 0, 0, 0, 0, 0, 38, 0, 0, 7, 45
"d:\IT - 3rd year\IT 4\Studio project\Studio project\art-photo\src\app\admin\settings\_components\settings-manager.tsx", "TypeScript JSX", 0, 0, 0, 0, 0, 0, 0, 114, 0, 0, 9, 123
"d:\IT - 3rd year\IT 4\Studio project\Studio project\art-photo\src\app\admin\settings\page.tsx", "TypeScript JSX", 0, 0, 0, 0, 0, 0, 0, 15, 0, 0, 4, 19
"d:\IT - 3rd year\IT 4\Studio project\Studio project\art-photo\src\app\admin\smart-assign\_components\smart-assign-form.tsx", "TypeScript JSX", 0, 0, 0, 0, 0, 0, 0, 100, 0, 0, 6, 106
"d:\IT - 3rd year\IT 4\Studio project\Studio project\art-photo\src\app\admin\smart-assign\page.tsx", "TypeScript JSX", 0, 0, 0, 0, 0, 0, 0, 16, 0, 0, 3, 19
"d:\IT - 3rd year\IT 4\Studio project\Studio project\art-photo\src\app\admin\specialties\_components\specialties-list.tsx", "TypeScript JSX", 0, 0, 0, 0, 0, 0, 0, 196, 0, 0, 12, 208
"d:\IT - 3rd year\IT 4\Studio project\Studio project\art-photo\src\app\admin\specialties\page.tsx", "TypeScript JSX", 0, 0, 0, 0, 0, 0, 0, 15, 0, 0, 4, 19
"d:\IT - 3rd year\IT 4\Studio project\Studio project\art-photo\src\app\admin\tickets\[id]\_components\ticket-detail.tsx", "TypeScript JSX", 0, 0, 0, 0, 0, 0, 0, 95, 0, 0, 9, 104
"d:\IT - 3rd year\IT 4\Studio project\Studio project\art-photo\src\app\admin\tickets\[id]\page.tsx", "TypeScript JSX", 0, 0, 0, 0, 0, 0, 0, 22, 0, 0, 5, 27
"d:\IT - 3rd year\IT 4\Studio project\Studio project\art-photo\src\app\admin\tickets\_components\tickets-list.tsx", "TypeScript JSX", 0, 0, 0, 0, 0, 0, 0, 93, 0, 0, 10, 103
"d:\IT - 3rd year\IT 4\Studio project\Studio project\art-photo\src\app\admin\tickets\page.tsx", "TypeScript JSX", 0, 0, 0, 0, 0, 0, 0, 15, 0, 0, 4, 19
"d:\IT - 3rd year\IT 4\Studio project\Studio project\art-photo\src\app\admin\users\_components\create-photographer-form.tsx", "TypeScript JSX", 0, 0, 0, 0, 0, 0, 0, 145, 0, 0, 10, 155
"d:\IT - 3rd year\IT 4\Studio project\Studio project\art-photo\src\app\admin\users\_components\users-list.tsx", "TypeScript JSX", 0, 0, 0, 0, 0, 0, 0, 102, 0, 0, 11, 113
"d:\IT - 3rd year\IT 4\Studio project\Studio project\art-photo\src\app\admin\users\page.tsx", "TypeScript JSX", 0, 0, 0, 0, 0, 0, 0, 18, 0, 0, 4, 22
"d:\IT - 3rd year\IT 4\Studio project\Studio project\art-photo\src\app\api\invoice\[id]\route.ts", "TypeScript", 101, 0, 0, 0, 0, 0, 0, 0, 0, 0, 13, 114
"d:\IT - 3rd year\IT 4\Studio project\Studio project\art-photo\src\app\auth\_components\google-button.tsx", "TypeScript JSX", 0, 0, 0, 0, 0, 0, 0, 41, 0, 0, 5, 46
"d:\IT - 3rd year\IT 4\Studio project\Studio project\art-photo\src\app\auth\callback\route.ts", "TypeScript", 15, 0, 0, 0, 0, 0, 0, 0, 0, 0, 4, 19
"d:\IT - 3rd year\IT 4\Studio project\Studio project\art-photo\src\app\auth\confirm\route.ts", "TypeScript", 21, 0, 0, 0, 0, 0, 0, 0, 0, 0, 5, 26
"d:\IT - 3rd year\IT 4\Studio project\Studio project\art-photo\src\app\auth\forgot-password\_components\forgot-password-form.tsx", "TypeScript JSX", 0, 0, 0, 0, 0, 0, 0, 72, 0, 0, 5, 77
"d:\IT - 3rd year\IT 4\Studio project\Studio project\art-photo\src\app\auth\forgot-password\page.tsx", "TypeScript JSX", 0, 0, 0, 0, 0, 0, 0, 4, 0, 0, 2, 6
"d:\IT - 3rd year\IT 4\Studio project\Studio project\art-photo\src\app\auth\layout.tsx", "TypeScript JSX", 0, 0, 0, 0, 0, 0, 0, 25, 0, 0, 2, 27
"d:\IT - 3rd year\IT 4\Studio project\Studio project\art-photo\src\app\auth\login\_components\login-form.tsx", "TypeScript JSX", 0, 0, 0, 0, 0, 0, 0, 116, 0, 0, 5, 121
"d:\IT - 3rd year\IT 4\Studio project\Studio project\art-photo\src\app\auth\login\page.tsx", "TypeScript JSX", 0, 0, 0, 0, 0, 0, 0, 9, 0, 0, 2, 11
"d:\IT - 3rd year\IT 4\Studio project\Studio project\art-photo\src\app\auth\register\_components\register-form.tsx", "TypeScript JSX", 0, 0, 0, 0, 0, 0, 0, 183, 0, 0, 5, 188
"d:\IT - 3rd year\IT 4\Studio project\Studio project\art-photo\src\app\auth\register\page.tsx", "TypeScript JSX", 0, 0, 0, 0, 0, 0, 0, 4, 0, 0, 2, 6
"d:\IT - 3rd year\IT 4\Studio project\Studio project\art-photo\src\app\auth\reset-password\_components\reset-password-form.tsx", "TypeScript JSX", 0, 0, 0, 0, 0, 0, 0, 75, 0, 0, 5, 80
"d:\IT - 3rd year\IT 4\Studio project\Studio project\art-photo\src\app\auth\reset-password\page.tsx", "TypeScript JSX", 0, 0, 0, 0, 0, 0, 0, 4, 0, 0, 2, 6
"d:\IT - 3rd year\IT 4\Studio project\Studio project\art-photo\src\app\dashboard\page.tsx", "TypeScript JSX", 0, 0, 0, 0, 0, 0, 0, 233, 0, 0, 16, 249
"d:\IT - 3rd year\IT 4\Studio project\Studio project\art-photo\src\app\dashboard\recommendations\_components\recommendations-list.tsx", "TypeScript JSX", 0, 0, 0, 0, 0, 0, 0, 73, 0, 0, 9, 82
"d:\IT - 3rd year\IT 4\Studio project\Studio project\art-photo\src\app\dashboard\recommendations\page.tsx", "TypeScript JSX", 0, 0, 0, 0, 0, 0, 0, 29, 0, 0, 5, 34
"d:\IT - 3rd year\IT 4\Studio project\Studio project\art-photo\src\app\dashboard\reviews\page.tsx", "TypeScript JSX", 0, 0, 0, 0, 0, 0, 0, 23, 0, 0, 5, 28
"d:\IT - 3rd year\IT 4\Studio project\Studio project\art-photo\src\app\error.tsx", "TypeScript JSX", 0, 0, 0, 0, 0, 0, 0, 28, 0, 0, 4, 32
"d:\IT - 3rd year\IT 4\Studio project\Studio project\art-photo\src\app\globals.css", "CSS", 0, 0, 0, 0, 0, 0, 0, 0, 178, 0, 7, 185
"d:\IT - 3rd year\IT 4\Studio project\Studio project\art-photo\src\app\layout.tsx", "TypeScript JSX", 0, 0, 0, 0, 0, 0, 0, 40, 0, 0, 5, 45
"d:\IT - 3rd year\IT 4\Studio project\Studio project\art-photo\src\app\loading.tsx", "TypeScript JSX", 0, 0, 0, 0, 0, 0, 0, 8, 0, 0, 2, 10
"d:\IT - 3rd year\IT 4\Studio project\Studio project\art-photo\src\app\not-found.tsx", "TypeScript JSX", 0, 0, 0, 0, 0, 0, 0, 20, 0, 0, 2, 22
"d:\IT - 3rd year\IT 4\Studio project\Studio project\art-photo\src\app\photographer\_components\upcoming-sessions-list.tsx", "TypeScript JSX", 0, 0, 0, 0, 0, 0, 0, 117, 0, 0, 14, 131
"d:\IT - 3rd year\IT 4\Studio project\Studio project\art-photo\src\app\photographer\history\page.tsx", "TypeScript JSX", 0, 0, 0, 0, 0, 0, 0, 55, 0, 0, 8, 63
"d:\IT - 3rd year\IT 4\Studio project\Studio project\art-photo\src\app\photographer\layout.tsx", "TypeScript JSX", 0, 0, 0, 0, 0, 0, 0, 56, 0, 0, 7, 63
"d:\IT - 3rd year\IT 4\Studio project\Studio project\art-photo\src\app\photographer\page.tsx", "TypeScript JSX", 0, 0, 0, 0, 0, 0, 0, 56, 0, 0, 10, 66
"d:\IT - 3rd year\IT 4\Studio project\Studio project\art-photo\src\app\photographer\sessions\page.tsx", "TypeScript JSX", 0, 0, 0, 0, 0, 0, 0, 18, 0, 0, 5, 23
"d:\IT - 3rd year\IT 4\Studio project\Studio project\art-photo\src\app\photographer\upload\_components\album-manager.tsx", "TypeScript JSX", 0, 0, 0, 0, 0, 0, 0, 207, 0, 0, 13, 220
"d:\IT - 3rd year\IT 4\Studio project\Studio project\art-photo\src\app\photographer\upload\page.tsx", "TypeScript JSX", 0, 0, 0, 0, 0, 0, 0, 22, 0, 0, 5, 27
"d:\IT - 3rd year\IT 4\Studio project\Studio project\art-photo\src\components\auth\permission-guard.tsx", "TypeScript JSX", 0, 0, 0, 0, 0, 0, 0, 26, 0, 0, 9, 35
"d:\IT - 3rd year\IT 4\Studio project\Studio project\art-photo\src\components\cart\add-to-cart-button.tsx", "TypeScript JSX", 0, 0, 0, 0, 0, 0, 0, 53, 0, 0, 8, 61
"d:\IT - 3rd year\IT 4\Studio project\Studio project\art-photo\src\components\layout\admin-sidebar.tsx", "TypeScript JSX", 0, 0, 0, 0, 0, 0, 0, 146, 0, 0, 11, 157
"d:\IT - 3rd year\IT 4\Studio project\Studio project\art-photo\src\components\layout\breadcrumbs.tsx", "TypeScript JSX", 0, 0, 0, 0, 0, 0, 0, 63, 0, 0, 7, 70
"d:\IT - 3rd year\IT 4\Studio project\Studio project\art-photo\src\components\layout\footer.tsx", "TypeScript JSX", 0, 0, 0, 0, 0, 0, 0, 46, 0, 0, 2, 48
"d:\IT - 3rd year\IT 4\Studio project\Studio project\art-photo\src\components\layout\navbar.tsx", "TypeScript JSX", 0, 0, 0, 0, 0, 0, 0, 161, 0, 0, 9, 170
"d:\IT - 3rd year\IT 4\Studio project\Studio project\art-photo\src\components\notifications\notification-bell.tsx", "TypeScript JSX", 0, 0, 0, 0, 0, 0, 0, 109, 0, 0, 10, 119
"d:\IT - 3rd year\IT 4\Studio project\Studio project\art-photo\src\components\notifications\realtime-provider.tsx", "TypeScript JSX", 0, 0, 0, 0, 0, 0, 0, 8, 0, 0, 3, 11
"d:\IT - 3rd year\IT 4\Studio project\Studio project\art-photo\src\components\providers\auth-provider.tsx", "TypeScript JSX", 0, 0, 0, 0, 0, 0, 0, 39, 0, 0, 10, 49
"d:\IT - 3rd year\IT 4\Studio project\Studio project\art-photo\src\components\reviews\review-form.tsx", "TypeScript JSX", 0, 0, 0, 0, 0, 0, 0, 98, 0, 0, 10, 108
"d:\IT - 3rd year\IT 4\Studio project\Studio project\art-photo\src\components\reviews\star-rating.tsx", "TypeScript JSX", 0, 0, 0, 0, 0, 0, 0, 39, 0, 0, 6, 45
"d:\IT - 3rd year\IT 4\Studio project\Studio project\art-photo\src\components\ui\avatar.tsx", "TypeScript JSX", 0, 0, 0, 0, 0, 0, 0, 100, 0, 0, 10, 110
"d:\IT - 3rd year\IT 4\Studio project\Studio project\art-photo\src\components\ui\badge.tsx", "TypeScript JSX", 0, 0, 0, 0, 0, 0, 0, 48, 0, 0, 5, 53
"d:\IT - 3rd year\IT 4\Studio project\Studio project\art-photo\src\components\ui\button.tsx", "TypeScript JSX", 0, 0, 0, 0, 0, 0, 0, 55, 0, 0, 6, 61
"d:\IT - 3rd year\IT 4\Studio project\Studio project\art-photo\src\components\ui\card.tsx", "TypeScript JSX", 0, 0, 0, 0, 0, 0, 0, 94, 0, 0, 10, 104
"d:\IT - 3rd year\IT 4\Studio project\Studio project\art-photo\src\components\ui\dialog.tsx", "TypeScript JSX", 0, 0, 0, 0, 0, 0, 0, 144, 0, 0, 14, 158
"d:\IT - 3rd year\IT 4\Studio project\Studio project\art-photo\src\components\ui\dropdown-menu.tsx", "TypeScript JSX", 0, 0, 0, 0, 0, 0, 0, 253, 0, 0, 19, 272
"d:\IT - 3rd year\IT 4\Studio project\Studio project\art-photo\src\components\ui\input.tsx", "TypeScript JSX", 0, 0, 0, 0, 0, 0, 0, 17, 0, 0, 4, 21
"d:\IT - 3rd year\IT 4\Studio project\Studio project\art-photo\src\components\ui\label.tsx", "TypeScript JSX", 0, 0, 0, 0, 0, 0, 0, 16, 0, 0, 5, 21
"d:\IT - 3rd year\IT 4\Studio project\Studio project\art-photo\src\components\ui\popover.tsx", "TypeScript JSX", 0, 0, 0, 0, 0, 0, 0, 81, 0, 0, 10, 91
"d:\IT - 3rd year\IT 4\Studio project\Studio project\art-photo\src\components\ui\separator.tsx", "TypeScript JSX", 0, 0, 0, 0, 0, 0, 0, 21, 0, 0, 5, 26
"d:\IT - 3rd year\IT 4\Studio project\Studio project\art-photo\src\components\ui\sheet.tsx", "TypeScript JSX", 0, 0, 0, 0, 0, 0, 0, 122, 0, 0, 14, 136
"d:\IT - 3rd year\IT 4\Studio project\Studio project\art-photo\src\components\ui\sonner.tsx", "TypeScript JSX", 0, 0, 0, 0, 0, 0, 0, 45, 0, 0, 5, 50
"d:\IT - 3rd year\IT 4\Studio project\Studio project\art-photo\src\components\ui\textarea.tsx", "TypeScript JSX", 0, 0, 0, 0, 0, 0, 0, 15, 0, 0, 4, 19
"d:\IT - 3rd year\IT 4\Studio project\Studio project\art-photo\src\hooks\use-realtime-bookings.ts", "TypeScript", 45, 0, 0, 0, 0, 0, 0, 0, 0, 0, 9, 54
"d:\IT - 3rd year\IT 4\Studio project\Studio project\art-photo\src\hooks\use-realtime-notifications.ts", "TypeScript", 59, 0, 0, 0, 0, 0, 0, 0, 0, 0, 9, 68
"d:\IT - 3rd year\IT 4\Studio project\Studio project\art-photo\src\lib\email-templates.ts", "TypeScript", 72, 0, 0, 0, 0, 0, 0, 0, 0, 0, 6, 78
"d:\IT - 3rd year\IT 4\Studio project\Studio project\art-photo\src\lib\email.ts", "TypeScript", 34, 0, 0, 0, 0, 0, 0, 0, 0, 0, 8, 42
"d:\IT - 3rd year\IT 4\Studio project\Studio project\art-photo\src\lib\gemini.ts", "TypeScript", 11, 0, 0, 0, 0, 0, 0, 0, 0, 0, 5, 16
"d:\IT - 3rd year\IT 4\Studio project\Studio project\art-photo\src\lib\permissions.ts", "TypeScript", 16, 0, 0, 0, 0, 0, 0, 0, 0, 0, 2, 18
"d:\IT - 3rd year\IT 4\Studio project\Studio project\art-photo\src\lib\rbac.ts", "TypeScript", 49, 0, 0, 0, 0, 0, 0, 0, 0, 0, 11, 60
"d:\IT - 3rd year\IT 4\Studio project\Studio project\art-photo\src\lib\supabase\admin.ts", "TypeScript", 13, 0, 0, 0, 0, 0, 0, 0, 0, 0, 2, 15
"d:\IT - 3rd year\IT 4\Studio project\Studio project\art-photo\src\lib\supabase\client.ts", "TypeScript", 7, 0, 0, 0, 0, 0, 0, 0, 0, 0, 2, 9
"d:\IT - 3rd year\IT 4\Studio project\Studio project\art-photo\src\lib\supabase\middleware.ts", "TypeScript", 57, 0, 0, 0, 0, 0, 0, 0, 0, 0, 12, 69
"d:\IT - 3rd year\IT 4\Studio project\Studio project\art-photo\src\lib\supabase\server.ts", "TypeScript", 24, 0, 0, 0, 0, 0, 0, 0, 0, 1, 3, 28
"d:\IT - 3rd year\IT 4\Studio project\Studio project\art-photo\src\lib\utils.ts", "TypeScript", 5, 0, 0, 0, 0, 0, 0, 0, 0, 0, 2, 7
"d:\IT - 3rd year\IT 4\Studio project\Studio project\art-photo\src\lib\validations\auth.ts", "TypeScript", 60, 0, 0, 0, 0, 0, 0, 0, 0, 0, 6, 66
"d:\IT - 3rd year\IT 4\Studio project\Studio project\art-photo\src\lib\validations\contact.ts", "TypeScript", 8, 0, 0, 0, 0, 0, 0, 0, 0, 0, 3, 11
"d:\IT - 3rd year\IT 4\Studio project\Studio project\art-photo\src\lib\validations\profile.ts", "TypeScript", 16, 0, 0, 0, 0, 0, 0, 0, 0, 0, 3, 19
"d:\IT - 3rd year\IT 4\Studio project\Studio project\art-photo\src\proxy.ts", "TypeScript", 10, 0, 0, 0, 0, 0, 0, 0, 0, 0, 3, 13
"d:\IT - 3rd year\IT 4\Studio project\Studio project\art-photo\src\stores\auth-store.ts", "TypeScript", 20, 0, 0, 0, 0, 0, 0, 0, 0, 0, 3, 23
"d:\IT - 3rd year\IT 4\Studio project\Studio project\art-photo\src\stores\cart-store.ts", "TypeScript", 67, 0, 0, 0, 0, 0, 0, 0, 0, 0, 11, 78
"d:\IT - 3rd year\IT 4\Studio project\Studio project\art-photo\src\types\database.ts", "TypeScript", 179, 0, 0, 0, 0, 0, 0, 0, 0, 0, 16, 195
"d:\IT - 3rd year\IT 4\Studio project\Studio project\art-photo\supabase\migrations\20260309000000_initial_schema.sql", "MS SQL", 0, 0, 0, 0, 0, 0, 1292, 0, 0, 351, 217, 1860
"d:\IT - 3rd year\IT 4\Studio project\Studio project\art-photo\supabase\migrations\20260309000002_pgvector_ai_features.sql", "MS SQL", 0, 0, 0, 0, 0, 0, 69, 0, 0, 11, 15, 95
"d:\IT - 3rd year\IT 4\Studio project\Studio project\art-photo\supabase\migrations\20260309000003_pg_cron_scheduled_jobs.sql", "MS SQL", 0, 0, 0, 0, 0, 0, 43, 0, 0, 10, 7, 60
"d:\IT - 3rd year\IT 4\Studio project\Studio project\art-photo\supabase\migrations\20260311000000_specialties_and_invitations.sql", "MS SQL", 0, 0, 0, 0, 0, 0, 42, 0, 0, 0, 11, 53
"d:\IT - 3rd year\IT 4\Studio project\Studio project\art-photo\supabase\seed.sql", "MS SQL", 0, 0, 0, 0, 0, 0, 159, 0, 0, 25, 30, 214
"d:\IT - 3rd year\IT 4\Studio project\Studio project\art-photo\tsconfig.json", "JSON with Comments", 0, 0, 0, 34, 0, 0, 0, 0, 0, 0, 1, 35
"Total", "-", 2945, 11668, 5, 34, 2248, 317, 1605, 8364, 178, 402, 2628, 30394